Timestamp,IP_Address,User_Account
2024-03-15T00:00:10,5.188.206.12,ubuntu
2024-03-15T01:01:27,5.188.206.12,admin
2024-03-15T00:01:46,103.145.13.22,ec2-user
2024-03-15T00:02:22,194.26.29.18,admin
2024-03-15T00:03:41,176.65.148.18,ec2-user
2024-03-15T00:03:59,218.92.0.201,ec2-user
2024-03-15T01:04:14,194.26.29.18,postgres
2024-03-15T00:05:08,43.154.32.9,support
2024-03-15T00:06:14,103.145.13.22,admin
2024-03-15T00:06:32,162.142.125.223,ubuntu
2024-03-15T00:07:16,91.92.109.126,root
2024-03-15T00:07:52,103.145.13.22,admin
2024-03-15T00:08:52,91.92.109.126,test
2024-03-15T00:12:31,167.94.138.44,test
2024-03-15T00:13:07,162.142.125.223,ec2-user
2024-03-15T00:14:03,203.0.113.45,root
2024-03-15T00:15:24,203.0.113.45,ubuntu
2024-03-15T00:17:43,203.0.113.45,root
2024-03-15T00:19:22,45.146.164.249,test
2024-03-15T00:19:42,203.0.113.45,root
2024-03-15T00:19:52,203.0.113.45,root
2024-03-15T00:25:54,203.0.113.45,root
2024-03-15T00:26:36,203.0.113.45,root
2024-03-15T00:26:48,203.0.113.45,root
2024-03-15T00:28:43,5.188.206.12,ec2-user
2024-03-15T00:28:53,203.0.113.45,root
2024-03-15T00:35:17,103.145.13.22,admin
2024-03-15T00:42:13,45.33.32.156,ubuntu
2024-03-15T00:51:24,185.220.101.34,support
2024-03-15T00:55:15,89.248.165.74,root
2024-03-15T00:56:15,162.142.125.223,git
2024-03-15T00:57:00,218.92.0.201,admin
2024-03-15T01:06:26,198.51.100.17,ftp
2024-03-15T01:07:04,198.51.100.17,root
2024-03-15T01:08:07,91.92.109.126,ftp
2024-03-15T01:08:31,198.51.100.17,ec2-user
2024-03-15T01:09:01,198.51.100.17,support
2024-03-15T01:12:43,43.154.32.9,ec2-user
2024-03-15T01:17:20,5.188.206.12,root
2024-03-15T01:25:47,43.154.32.9,nagios
2024-03-15T01:26:02,45.146.164.249,deploy
2024-03-15T01:26:50,45.146.164.249,root
2024-03-15T01:30:03,194.26.29.18,admin
2024-03-15T01:33:53,167.94.138.44,ubuntu
2024-03-15T01:36:04,43.154.32.9,git
2024-03-15T01:42:57,162.142.125.223,ubuntu
2024-03-15T01:44:22,203.0.113.45,ubuntu
2024-03-15T01:52:31,203.0.113.45,ec2-user
2024-03-15T01:58:14,162.142.125.223,deploy
2024-03-15T01:58:32,194.26.29.18,ec2-user
2024-03-15T01:59:53,203.0.113.45,admin
2024-03-15T02:05:22,198.51.100.17,admin
2024-03-15T02:05:58,103.145.13.22,ec2-user
2024-03-15T02:10:03,5.188.206.12,ubuntu
2024-03-15T02:13:17,5.188.206.12,ec2-user
2024-03-15T02:14:29,45.146.164.249,root
2024-03-15T02:14:33,203.0.113.45,root
2024-03-15T02:14:36,203.0.113.45,root
2024-03-15T02:14:39,185.220.101.34,jenkins
2024-03-15T02:14:43,203.0.113.45,root
2024-03-15T02:19:37,185.220.101.34,root
2024-03-15T02:19:49,203.0.113.45,root
2024-03-15T02:23:04,198.51.100.17,root
2024-03-15T02:28:23,218.92.0.201,ubuntu
2024-03-15T02:29:44,167.94.138.44,ftp
2024-03-15T02:35:30,176.65.148.18,admin
2024-03-15T02:40:13,176.65.148.18,jenkins
2024-03-15T02:40:58,218.92.0.201,root
2024-03-15T02:45:23,162.142.125.223,ubuntu
2024-03-15T02:45:47,198.51.100.17,ubuntu
2024-03-15T02:48:32,194.26.29.18,ubuntu
2024-03-15T02:50:35,45.146.164.249,ubuntu
2024-03-15T02:53:07,5.188.206.12,user
2024-03-15T02:53:27,176.65.148.18,ubuntu
2024-03-15T02:53:42,185.220.101.34,postgres
2024-03-15T02:55:54,89.248.165.74,test
2024-03-15T02:58:27,198.51.100.17,git
2024-03-15T03:01:52,162.142.125.223,mysql
2024-03-15T03:02:48,167.94.138.44,ec2-user
2024-03-15T03:03:48,45.146.164.249,root
2024-03-15T03:05:29,91.92.109.126,ftp
2024-03-15T03:07:53,218.92.0.201,ubuntu
2024-03-15T03:09:28,5.188.206.12,postgres
2024-03-15T03:10:55,198.51.100.17,admin
2024-03-15T03:11:37,43.154.32.9,postgres
2024-03-15T03:11:57,198.51.100.17,ubuntu
2024-03-15T03:12:17,89.248.165.74,ubuntu
2024-03-15T03:12:41,218.92.0.201,ec2-user
2024-03-15T03:13:01,218.92.0.201,ec2-user
2024-03-15T03:15:36,203.0.113.45,root
2024-03-15T03:18:43,162.142.125.223,admin
2024-03-15T03:21:30,203.0.113.45,admin
2024-03-15T03:26:47,162.142.125.223,admin
2024-03-15T03:28:29,45.146.164.249,ubuntu
2024-03-15T03:30:04,167.94.138.44,admin
2024-03-15T03:33:53,185.220.101.34,ec2-user
2024-03-15T03:34:23,43.154.32.9,backup
2024-03-15T03:36:28,203.0.113.45,postgres
2024-03-15T03:36:46,203.0.113.45,admin
2024-03-15T03:40:15,45.146.164.249,root
2024-03-15T03:45:15,43.154.32.9,ubuntu
2024-03-15T03:46:33,162.142.125.223,ubuntu
2024-03-15T03:50:14,45.33.32.156,root
2024-03-15T03:51:23,203.0.113.45,ubuntu
2024-03-15T03:54:55,198.51.100.17,ec2-user
2024-03-15T03:56:28,194.26.29.18,root
2024-03-15T03:57:28,89.248.165.74,root
2024-03-15T04:02:42,194.26.29.18,ubuntu
2024-03-15T04:03:27,5.188.206.12,user
2024-03-15T04:03:45,176.65.148.18,git
2024-03-15T04:06:15,198.51.100.17,root
2024-03-15T04:06:51,89.248.165.74,postgres
2024-03-15T04:07:27,103.145.13.22,ubuntu
2024-03-15T04:13:35,176.65.148.18,jenkins
2024-03-15T04:21:36,198.51.100.17,root
2024-03-15T04:22:36,103.145.13.22,root
2024-03-15T04:23:08,103.145.13.22,deploy
2024-03-15T04:27:52,185.220.101.34,ec2-user
2024-03-15T04:30:25,91.92.109.126,ubuntu
2024-03-15T04:33:52,103.145.13.22,git
2024-03-15T04:34:52,194.26.29.18,backup
2024-03-15T04:39:54,176.65.148.18,jenkins
2024-03-15T04:42:21,167.94.138.44,mysql
2024-03-15T04:42:24,45.33.32.156,ubuntu
2024-03-15T04:42:41,194.26.29.18,ubuntu
2024-03-15T04:42:47,91.92.109.126,ubuntu
2024-03-15T04:42:55,167.94.138.44,ubuntu
2024-03-15T04:43:04,91.92.109.126,root
2024-03-15T04:44:00,176.65.148.18,ubuntu
2024-03-15T04:44:02,5.188.206.12,jenkins
2024-03-15T04:44:53,5.188.206.12,mysql
2024-03-15T04:45:07,176.65.148.18,ubuntu
2024-03-15T04:46:55,43.154.32.9,ubuntu
2024-03-15T04:47:01,103.145.13.22,ubuntu
2024-03-15T04:47:21,218.92.0.201,root
2024-03-15T04:48:00,45.33.32.156,ubuntu
2024-03-15T04:48:20,198.51.100.17,admin
2024-03-15T04:48:26,5.188.206.12,jenkins
2024-03-15T04:50:19,176.65.148.18,jenkins
2024-03-15T04:51:08,43.154.32.9,mysql
2024-03-15T04:52:07,5.188.206.12,admin
2024-03-15T04:52:15,45.33.32.156,mysql
2024-03-15T04:52:44,198.51.100.17,mysql
2024-03-15T04:52:51,45.33.32.156,jenkins
2024-03-15T04:53:17,167.94.138.44,admin
2024-03-15T04:53:38,89.248.165.74,admin
2024-03-15T04:53:40,203.0.113.45,ubuntu
2024-03-15T04:54:32,185.220.101.34,admin
2024-03-15T04:54:42,194.26.29.18,jenkins
2024-03-15T04:55:03,45.33.32.156,root
2024-03-15T04:55:46,167.94.138.44,jenkins
2024-03-15T04:55:51,198.51.100.17,admin
2024-03-15T04:56:24,5.188.206.12,mysql
2024-03-15T04:56:27,103.145.13.22,admin
2024-03-15T04:56:37,185.220.101.34,git
2024-03-15T04:57:03,203.0.113.45,postgres
2024-03-15T04:58:04,43.154.32.9,admin
2024-03-15T04:58:26,194.26.29.18,root
2024-03-15T04:58:34,203.0.113.45,ubuntu
2024-03-15T04:58:49,203.0.113.45,admin
2024-03-15T04:58:55,45.146.164.249,ubuntu
2024-03-15T04:59:25,218.92.0.201,support
2024-03-15T05:01:04,5.188.206.12,git
2024-03-15T05:01:16,176.65.148.18,ubuntu
2024-03-15T05:01:31,176.65.148.18,ec2-user
2024-03-15T05:08:00,203.0.113.45,admin
2024-03-15T05:08:56,89.248.165.74,ec2-user
2024-03-15T05:15:01,103.145.13.22,ec2-user
2024-03-15T05:16:55,185.220.101.34,user
2024-03-15T05:17:39,194.26.29.18,ec2-user
2024-03-15T05:21:35,45.33.32.156,admin
2024-03-15T05:26:20,91.92.109.126,ec2-user
2024-03-15T05:27:05,5.188.206.12,test
2024-03-15T05:28:59,162.142.125.223,ubuntu
2024-03-15T05:30:29,43.154.32.9,root
2024-03-15T05:30:44,194.26.29.18,ubuntu
2024-03-15T05:31:38,43.154.32.9,nagios
2024-03-15T05:36:08,167.94.138.44,root
2024-03-15T05:37:29,89.248.165.74,backup
2024-03-15T05:39:56,45.33.32.156,ubuntu
2024-03-15T05:45:01,103.145.13.22,root
2024-03-15T05:47:07,198.51.100.17,admin
2024-03-15T05:48:04,162.142.125.223,root
2024-03-15T05:48:58,45.146.164.249,user
2024-03-15T05:49:52,203.0.113.45,admin
2024-03-15T05:51:42,45.146.164.249,admin
2024-03-15T05:52:38,89.248.165.74,jenkins
2024-03-15T06:02:06,218.92.0.201,admin
2024-03-15T06:03:06,45.146.164.249,test
2024-03-15T06:03:24,203.0.113.45,root
2024-03-15T06:04:36,5.188.206.12,ftp
2024-03-15T06:09:44,103.145.13.22,test
2024-03-15T06:11:29,198.51.100.17,admin
2024-03-15T06:20:32,218.92.0.201,root
2024-03-15T06:21:50,198.51.100.17,ubuntu
2024-03-15T06:22:02,89.248.165.74,root
2024-03-15T06:25:16,45.146.164.249,admin
2024-03-15T06:25:40,45.146.164.249,jenkins
2024-03-15T06:28:00,194.26.29.18,root
2024-03-15T06:32:57,185.220.101.34,admin
2024-03-15T06:34:21,103.145.13.22,ec2-user
2024-03-15T06:36:26,43.154.32.9,root
2024-03-15T06:37:50,43.154.32.9,ubuntu
2024-03-15T06:38:20,103.145.13.22,ubuntu
2024-03-15T06:44:28,45.146.164.249,admin
2024-03-15T06:45:04,89.248.165.74,admin
2024-03-15T06:52:45,45.33.32.156,ubuntu
2024-03-15T06:55:42,185.220.101.34,git
2024-03-15T06:58:04,43.154.32.9,mysql
2024-03-15T07:02:42,167.94.138.44,ubuntu
2024-03-15T07:04:12,203.0.113.45,support
2024-03-15T07:06:53,45.33.32.156,test
2024-03-15T07:09:11,162.142.125.223,admin
2024-03-15T07:10:10,89.248.165.74,nagios
2024-03-15T07:17:49,45.146.164.249,root
2024-03-15T07:18:25,5.188.206.12,root
2024-03-15T07:22:53,45.146.164.249,oracle
2024-03-15T07:27:19,91.92.109.126,ubuntu
2024-03-15T07:31:35,91.92.109.126,ubuntu
2024-03-15T07:37:59,103.145.13.22,ec2-user
2024-03-15T07:54:55,89.248.165.74,admin
2024-03-15T08:00:18,203.0.113.45,backup
2024-03-15T08:04:08,176.65.148.18,ec2-user
2024-03-15T08:05:56,43.154.32.9,ubuntu
2024-03-15T08:07:42,5.188.206.12,backup
2024-03-15T08:08:18,45.33.32.156,admin
2024-03-15T08:11:54,203.0.113.45,ftp
2024-03-15T08:13:21,176.65.148.18,root
2024-03-15T08:18:33,194.26.29.18,backup
2024-03-15T08:19:24,45.146.164.249,ec2-user
2024-03-15T08:20:50,45.33.32.156,jenkins
2024-03-15T08:22:10,89.248.165.74,admin
2024-03-15T08:25:18,5.188.206.12,admin
2024-03-15T08:27:21,203.0.113.45,admin
2024-03-15T08:29:23,89.248.165.74,mysql
2024-03-15T08:33:07,91.92.109.126,ec2-user
2024-03-15T08:33:55,45.146.164.249,deploy
2024-03-15T08:41:32,45.146.164.249,deploy
2024-03-15T08:57:11,91.92.109.126,admin
2024-03-15T08:59:59,176.65.148.18,ubuntu
2024-03-15T09:04:17,45.33.32.156,oracle
2024-03-15T09:05:47,167.94.138.44,root
2024-03-15T09:09:31,198.51.100.17,ec2-user
2024-03-15T09:11:52,218.92.0.201,ubuntu
2024-03-15T09:12:16,43.154.32.9,jenkins
2024-03-15T09:15:46,167.94.138.44,ec2-user
2024-03-15T09:19:01,203.0.113.45,deploy
2024-03-15T09:27:54,176.65.148.18,jenkins
